{"Match": "c:\\Users\\maxen\\OneDrive\\Documents\\GitHub\\proj0021-sports-and-movement-football-comments\\Milestone2\\Timeline\\Database\\match_7_half_1.json", "Time": [0, 1, 2, 3, 4, 5, 6, 7, 8, 9, 10, 11, 12, 13, 14, 15, 16, 17, 18, 19], "Prediction": [[0.15845140745054134, 0.1579284776872341, 0.28441954430601635, 0.09128165902870722, 0.30791891152750106], [0.25014666147006476, 0.23595226345783962, 0.17021202410188668, 0.25295196301258754, 0.09073708795762138], [0.2109804001653424, 0.1804103228658379, 0.18795727456767541, 0.22987052346996933, 0.1907814789311748], [0.17450611277812658, 0.22794871427827015, 0.3462054619416083, 0.027320555532694836, 0.2240191554693002], [0.36122676006579746, 0.2054225144517983, 0.21562345091732174, 0.08159933407390896, 0.13612794049117372], [0.072806014088156, 0.309445907364069, 0.3200680990944442, 0.08180962766105822, 0.21587035179227265], [0.14542138995112103, 0.04625027261069219, 0.1764605713386104, 0.2554687482631518, 0.37639901783642454], [0.13433709816613928, 0.47065721188980164, 0.02142152981658772, 0.14974548496642937, 0.22383867516104206], [0.17927405082648992, 0.15603275799625166, 0.028367883229550552, 0.30492539015051645, 0.3313999177971914], [0.11130631248596322, 0.25110084852713355, 0.17898444576843434, 0.3006184331109122, 0.15798996010755673], [0.02000078576124956, 0.005911954348057039, 0.4491836519556072, 0.3165100242310192, 0.20839358370406702], [0.34442766318823853, 0.24882251949943449, 0.0568337360130937, 0.04882315061969456, 0.3010929306795387], [0.005316788066998065, 0.017955629176674148, 0.47062471898439623, 0.49065507850697926, 0.0154477852649523], [0.0804995886424921, 0.3017538757116103, 0.11120470919771562, 0.26703902834081006, 0.239502798107372], [0.02125580216122607, 0.3418426964407874, 0.4320874194665839, 0.03721541549633753, 0.16759866643506513], [0.5019499076055068, 0.005780858858685191, 0.10503941571792252, 0.06541503065366701, 0.3218147871642186], [0.10346520135829196, 0.2725206267062354, 0.04561812948619003, 0.3290559090098435, 0.24934013343943898], [0.10516372664605107, 0.28867533009518775, 0.3207864449028832, 0.15990246257573096, 0.12547203578014707], [0.241864820384555, 0.2767564567515052, 0.13517341263115926, 0.24508556438734946, 0.10111974584543122], [0.2821575101015885, 0.22315210750060982, 0.22286221529767056, 0.04941802403834034, 0.2224101430617908]]}