{"Match": "c:\\Users\\maxen\\OneDrive\\Documents\\GitHub\\proj0021-sports-and-movement-football-comments\\Milestone2\\Timeline\\Database\\match_1_half_1.json", "Time": [0, 1, 2, 3, 4, 5, 6, 7, 8, 9, 10, 11, 12, 13, 14, 15, 16, 17, 18, 19], "Prediction": [[0.21431489583551938, 0.2166623950958602, 0.1504894046632126, 0.11670291091251764, 0.30183039349289026], [0.10618299677357448, 0.4380336982904204, 0.02994434317149271, 0.14616703490610536, 0.2796719268584071], [0.23509756299757084, 0.20645707565599689, 0.3028674732404415, 0.115941367931223, 0.13963652017476785], [0.225759501466998, 0.13779208420343358, 0.20500165234660128, 0.23017951359080313, 0.20126724839216395], [0.1000203416758895, 0.11720103933670195, 0.11887334907974775, 0.33857180092168526, 0.3253334689859756], [0.12674516773051733, 0.17737925157237364, 0.3762369839899795, 0.31837156055747895, 0.0012670361496504928], [0.28085359333599985, 0.33991955336806867, 0.15904684800767935, 0.16449748239348927, 0.05568252289476274], [0.2200894518860642, 0.1455520773453571, 0.27647961203634136, 0.22108043952796885, 0.1367984192042684], [0.2610897471957847, 0.11600627077691147, 0.19154141746140127, 0.13884981556992848, 0.2925127489959741], [0.3403437913463229, 0.19150077146030203, 0.2981920255745268, 0.10648304060222738, 0.0634803710166208], [0.22082833011569666, 0.2547576236373897, 0.2603732904348055, 0.1671395798441147, 0.0969011759679934], [0.24981421152732766, 0.23464432649020708, 0.3134483691416823, 0.13608975761504685, 0.06600333522573607], [0.41156647512657785, 0.3996782523010162, 0.011564316169854023, 0.0934256766689831, 0.0837652797335687], [0.07835930756516178, 0.07006873915400967, 0.19812514003320694, 0.2572397837277, 0.3962070295199216], [0.19266302477842492, 0.058371375476903235, 0.4104181281024013, 0.07477950171710233, 0.26376796992516827], [0.21280830823209163, 0.097710590079761, 0.26025628658943467, 0.1837693794421443, 0.2454554356565684], [0.11566484443522745, 0.1918205605150766, 0.07566179857676394, 0.21482644379040364, 0.40202635268252834], [0.2004906535161159, 0.09795315981143274, 0.12899206053578044, 0.2724534463055889, 0.3001106798310821], [0.016948288864758798, 0.1755157071364952, 0.34570510475511407, 0.43156674391994254, 0.03026415532368942], [0.3424252258587992, 0.20585596863768155, 0.33223059707171687, 0.03597435046567391, 0.0835138579661286]]}