{"Match": "c:\\Users\\maxen\\OneDrive\\Documents\\GitHub\\proj0021-sports-and-movement-football-comments\\Milestone2\\Timeline\\Database\\match_6_half_1.json", "Time": [0, 1, 2, 3, 4, 5, 6, 7, 8, 9, 10, 11, 12, 13, 14, 15, 16, 17, 18, 19], "Prediction": [[0.03584813296478982, 0.2994254154551919, 0.1347708088627974, 0.06283258576289336, 0.4671230569543275], [0.3228100040504475, 0.10288496141030308, 0.008898577518856815, 0.18045285069758626, 0.3849536063228063], [0.0724249151514489, 0.3773122810023928, 0.11469298835839632, 0.35443875637924904, 0.081131059108513], [0.21612930118716853, 0.19062137057964446, 0.20572445154341878, 0.19919841075768327, 0.1883264659320849], [0.1608104830185587, 0.3103842042955907, 0.3249028040810629, 0.10939412908397908, 0.09450837952080877], [0.22384740949157939, 0.051949581501176866, 0.32139326241154476, 0.1708859982003603, 0.23192374839533877], [0.16112748105729915, 0.2767775031014636, 0.4323064752073301, 0.01962453459572708, 0.1101640060381801], [0.17757824023327798, 0.24291922732714288, 0.16186828358932126, 0.19013504011476098, 0.22749920873549684], [0.27097445060956565, 0.18065935101897668, 0.17787892936029046, 0.24556677284545209, 0.12492049616571531], [0.22452064769732263, 0.14186207332075335, 0.21541332602858487, 0.1967478195663545, 0.22145613338698453], [0.1222078969073579, 0.31921519997967124, 0.13607996425683505, 0.2749829469568527, 0.14751399189928321], [0.30533982890670025, 0.014927518164812815, 0.15689695542898413, 0.32525342999477247, 0.19758226750473035], [0.1303829976817231, 0.2380575094256208, 0.33855257119643095, 0.12757219047872456, 0.16543473121750069], [0.3299844318807915, 0.16467615330901444, 0.14192392694526368, 0.09593971359898683, 0.2674757742659434], [0.06326141372690666, 0.25413548001063363, 0.24263238481776836, 0.28593359121269407, 0.15403713023199733], [0.058159639390081994, 0.268092116100221, 0.34633029175115615, 0.032291352557082244, 0.29512660020145876], [0.30491167953403614, 0.22034054972825318, 0.13257514962647887, 0.18023515748239097, 0.16193746362884082], [0.25704329799082953, 0.14659730753832187, 0.23267394440974512, 0.010487263192694852, 0.3531981868684084], [0.05049649914043092, 0.3092589249789576, 0.26978286928723094, 0.07800727156269568, 0.29245443503068497], [0.20465889105969093, 0.12936659521887148, 0.30311233830566503, 0.2782163335000876, 0.0846458419156849]]}