{"Match": "c:\\Users\\maxen\\OneDrive\\Documents\\GitHub\\proj0021-sports-and-movement-football-comments\\Milestone2\\Timeline\\Database\\match_9_half_1.json", "Time": [0, 1, 2, 3, 4, 5, 6, 7, 8, 9, 10, 11, 12, 13, 14, 15, 16, 17, 18, 19], "Prediction": [[0.34301990504890156, 0.05015161821825799, 0.033033016840583816, 0.25468904433492745, 0.3191064155573292], [0.33474287543633574, 0.0312847056234701, 0.1906533704347532, 0.35520765679671423, 0.08811139170872674], [0.00790432954500708, 0.2060480808940971, 0.24558151253930352, 0.25123491944806325, 0.28923115757352913], [0.4676766647038439, 0.06765747808266556, 0.36181823003352437, 0.03027713241424811, 0.07257049476571815], [0.02823563430351141, 0.10792724202425348, 0.378043944885336, 0.13006626980945465, 0.35572690897744447], [0.22878537204221086, 0.1587382961628095, 0.240043382991767, 0.25649139374194896, 0.11594155506126372], [0.2670689606559379, 0.05777027222001782, 0.17655425636532823, 0.3689180396314729, 0.12968847112724313], [0.41080375489269666, 0.3636910446386088, 0.03828668359862658, 0.14518726907579022, 0.042031247794277776], [0.08106429080378975, 0.14446652934425303, 0.2818096929357742, 0.25442536766018303, 0.2382341192560001], [0.28946805368662254, 0.12384419263442534, 0.013380754926209288, 0.2718253154010622, 0.3014816833516805], [0.2405885938038487, 0.2743994076082756, 0.019266996525045123, 0.10504035367455529, 0.3607046483882754], [0.15867562793487122, 0.0616706206759083, 0.19211211977127032, 0.30114145487158656, 0.28640017674636364], [0.33638341278088124, 0.16474706436123498, 0.4370232814907847, 0.051746781525854185, 0.010099459841244853], [0.12770161210188716, 0.31954025899120353, 0.1921011767912436, 0.23803188772705336, 0.12262506438861222], [0.2895129567045887, 0.23571269803957584, 0.25676354069696417, 0.08378185349432937, 0.13422895106454197], [0.32226819909003823, 0.0006959525199613454, 0.0270936013016019, 0.34128039658191545, 0.3086618505064831], [0.13583964379697788, 0.1945421806557017, 0.28151577194045185, 0.23192835570486928, 0.15617404790199935], [0.33335135944458855, 0.269603798255318, 0.2865487728285631, 0.042245127185137475, 0.06825094228639275], [0.31633580614271395, 0.013765625455377795, 0.2607645882607433, 0.3432558964004775, 0.06587808374068743], [0.15663071368913892, 0.4592711068690375, 0.11473321156284114, 0.13772470576679074, 0.1316402621121917]]}