{"Match": "c:\\Users\\maxen\\OneDrive\\Documents\\GitHub\\proj0021-sports-and-movement-football-comments\\Milestone2\\Timeline\\Database\\match_6_half_0.json", "Time": [0, 1, 2, 3, 4, 5, 6, 7, 8, 9, 10, 11, 12, 13, 14, 15, 16, 17, 18, 19], "Prediction": [[0.07470253507439897, 0.018314073588465277, 0.13074053169172103, 0.4047259800941662, 0.37151687955124846], [0.21112448076719156, 0.1539150657488036, 0.19641231859732847, 0.14087406117807375, 0.2976740737086025], [0.3607917487994087, 0.3723141711960746, 0.18561668263531675, 0.043198041962907524, 0.03807935540629245], [0.20244244790176236, 0.13091380165292765, 0.21444692905482196, 0.19822403233854533, 0.25397278905194265], [0.19460795720095334, 0.1538864605352535, 0.2795870007252486, 0.16272143004240425, 0.2091971514961403], [0.1572516449244354, 0.22804103924100805, 0.22310892609295693, 0.16774356011415914, 0.22385482962744047], [0.3178685713757241, 0.042914717814815304, 0.259805182273737, 0.06060798473820182, 0.3188035437975217], [0.3897701444312982, 0.2655045723531114, 0.3065554345919559, 0.03748536507385722, 0.0006844835497774048], [0.30930733940387795, 0.2381664590131767, 0.058216732887934636, 0.03026799763871864, 0.3640414710562922], [0.22870906505949345, 0.2840405410917397, 0.11233336931451794, 0.18649231905713454, 0.18842470547711437], [0.14143870761488794, 0.23725932753019538, 0.12579012457288394, 0.2778676708467429, 0.21764416943528986], [0.20380160278982387, 0.2654228029587539, 0.24492152135903228, 0.2372288827479266, 0.04862519014446321], [0.06636463046044257, 0.12236723084065404, 0.2657893571241166, 0.2700054788057143, 0.27547330276907245], [0.1925950271597943, 0.2518496940137229, 0.22864589573175365, 0.002880191747569476, 0.3240291913471596], [0.18731837171145962, 0.15378800695475991, 0.39740330174779176, 0.1517763300605139, 0.10971398952547495], [0.007560736930515792, 0.2673776214306361, 0.3257420157496679, 0.18112871464984337, 0.21819091123933682], [0.04052485062035337, 0.31132228320570965, 0.174979551045901, 0.3444160363668613, 0.12875727876117465], [0.0713047633235425, 0.08032464659811801, 0.10910153207887974, 0.21625946257372186, 0.5230095954257379], [0.11613092547858966, 0.1272438859006199, 0.26267187494747696, 0.3005117870146705, 0.19344152665864292], [0.18460518066834206, 0.21311597570279317, 0.12509503575677433, 0.2415326705486044, 0.23565113732348603]]}