{"Match": "c:\\Users\\maxen\\OneDrive\\Documents\\GitHub\\proj0021-sports-and-movement-football-comments\\Milestone2\\Timeline\\Database\\match_1_half_0.json", "Time": [0, 1, 2, 3, 4, 5, 6, 7, 8, 9, 10, 11, 12, 13, 14, 15, 16, 17, 18, 19], "Prediction": [[0.025421144407057974, 0.1544954420545137, 0.29927452130909954, 0.062348192723225886, 0.4584606995061028], [0.005660257099498688, 0.22664648665001075, 0.09768343682167452, 0.4491240615872568, 0.22088575784155928], [0.16816169353761792, 0.35107083285621155, 0.19738104340137627, 0.28017494058063175, 0.0032114896241625312], [0.07448999240508308, 0.4630756197319548, 0.05169344004273847, 0.3068314646778227, 0.10390948314240091], [0.22695417946913451, 0.14901930785582715, 0.41659954665448123, 0.1942513629230489, 0.013175603097508157], [0.19461829888984913, 0.21566909912334237, 0.2863355577528911, 0.10428623474058918, 0.19909080949332816], [0.22311914409645348, 0.09602024982431355, 0.19900153189929862, 0.2769142415418767, 0.2049448326380575], [0.1932946037664546, 0.10054363352697206, 0.2861601090326176, 0.4173324118609954, 0.002669241812960167], [0.2615423182863759, 0.251599968905884, 0.025421508655059762, 0.3274734679043643, 0.1339627362483161], [0.4670061129278571, 0.20828826957094967, 0.20266465948150747, 0.06664560508443255, 0.055395352935253245], [0.16144693805416901, 0.007659424135414792, 0.26407396856344045, 0.4000005278894221, 0.16681914135755369], [0.2566409704368551, 0.04623423387515044, 0.042605847084303226, 0.23845375649909253, 0.4160651921045986], [0.05345847767508899, 0.40886589872750007, 0.2935679402566006, 0.17650429557899072, 0.0676033877618198], [0.03281382015364422, 0.31868771403360496, 0.034131711067591934, 0.22303921451346456, 0.3913275402316942], [0.17971678857950027, 0.1764290803563875, 0.1514048953973356, 0.06634538731026171, 0.426103848356515], [0.15917587553987808, 0.23784404497861786, 0.08424647452585585, 0.24693831957200132, 0.2717952853836469], [0.08345665321082468, 0.16245506272757573, 0.42085976173352563, 0.22118435034133196, 0.11204417198674202], [0.07724618457626778, 0.12938315074326098, 0.2677042496338748, 0.24332079889199587, 0.2823456161546007], [0.11842750133527283, 0.4518321304524246, 0.010207776064872765, 0.37526801044467156, 0.04426458170275818], [0.2240646258134331, 0.06335029936901394, 0.3737791636428115, 0.2930260373070123, 0.045779873867729075]]}