{"Match": "c:\\Users\\maxen\\OneDrive\\Documents\\GitHub\\proj0021-sports-and-movement-football-comments\\Milestone2\\Timeline\\Database\\match_5_half_0.json", "Time": [0, 1, 2, 3, 4, 5, 6, 7, 8, 9, 10, 11, 12, 13, 14, 15, 16, 17, 18, 19], "Prediction": [[0.12427412072068952, 0.44092971915933377, 0.22437210213819592, 0.10369682839517884, 0.10672722958660205], [0.05625419187186098, 0.013790634156808264, 0.473681622169327, 0.40605824982973954, 0.050215301972264155], [0.007158599780568925, 0.26749098907002494, 0.21177389599541946, 0.24719430666645872, 0.2663822084875281], [0.11008439516119778, 0.22248620392546353, 0.11748480126543934, 0.4393452593312223, 0.11059934031667715], [0.1618217616060271, 0.3158834744625368, 0.028501954886754985, 0.23393372915462476, 0.25985907989005647], [0.37965677584693613, 0.3822961753599343, 0.05602505701033691, 0.11505402056076866, 0.06696797122202407], [0.09842327343421071, 0.2362977251562067, 0.4413472086880103, 0.17786153159562668, 0.04607026112594588], [0.2584638061234824, 0.034763080201561894, 0.17640258675863368, 0.24821206309228677, 0.28215846382403525], [0.1538916201551923, 0.12083866092453203, 0.3960596245614207, 0.039287432321460765, 0.2899226620373942], [0.293641850804294, 0.12683694611459062, 0.1184075954292918, 0.3028220843952707, 0.15829152325655288], [0.1368990704072694, 0.1891869824422432, 0.32440466929398987, 0.11272808184574482, 0.23678119601075276], [0.16400708747597176, 0.36639520936437153, 0.23983355317790755, 0.10575269298164715, 0.1240114570001021], [0.18721810669010297, 0.23778835422070532, 0.10315453986020452, 0.26146437416467894, 0.2103746250643083], [0.14075777829916516, 0.2063197297090513, 0.33484975329735184, 0.2760609396244284, 0.04201179907000341], [0.18008740849741192, 0.23184672989421154, 0.2614574150887417, 0.2241415396490388, 0.10246690687059593], [0.2951231112455234, 0.04230340803841322, 0.0707297213873096, 0.3319212636151263, 0.2599224957136275], [0.2338844612561496, 0.201362507985492, 0.1969540954974029, 0.24200527837657654, 0.12579365688437907], [0.027885075232704403, 0.21382224943138545, 0.059409705441710425, 0.4981167549576732, 0.20076621493652658], [0.14515483354347425, 0.21484549777399417, 0.1682157895537215, 0.3896159373384734, 0.08216794179033668], [0.07022175280254642, 0.3725953892859818, 0.3215657198985532, 0.1074010546982393, 0.12821608331467926]]}