{"Match": "c:\\Users\\maxen\\OneDrive\\Documents\\GitHub\\proj0021-sports-and-movement-football-comments\\Milestone2\\Timeline\\Database\\match_5_half_1.json", "Time": [0, 1, 2, 3, 4, 5, 6, 7, 8, 9, 10, 11, 12, 13, 14, 15, 16, 17, 18, 19], "Prediction": [[0.12157038445644372, 0.42568282525414664, 0.13808994198852045, 0.2255533257565907, 0.0891035225442985], [0.24946842453631507, 0.00773356464703724, 0.3407906093134611, 0.28987796789514636, 0.11212943360804026], [0.04823450524818619, 0.29586269986916547, 0.37667715704723254, 0.04197316169654598, 0.23725247613887002], [0.19190716874532607, 0.1414384151483298, 0.18911305689473068, 0.26461703785927587, 0.2129243213523377], [0.5726867744378743, 0.07668964862330206, 0.21906460657859392, 0.06016302612345818, 0.07139594423677158], [0.34229182911795997, 0.2904292248998846, 0.02223788040819188, 0.10844521035586921, 0.23659585521809431], [0.05488199109066592, 0.13630929936702227, 0.3686894450553939, 0.24088045464963984, 0.199238809837278], [0.2519283003205107, 0.13514792240363188, 0.2658784719893644, 0.24029139865274315, 0.10675390663374985], [0.3085834078077752, 0.1698009817495149, 0.0849091432666681, 0.2282966412831722, 0.20840982589286955], [0.01242055655151744, 0.12271221484792076, 0.20586789433882752, 0.2308741861397312, 0.42812514812200303], [0.14607403028470578, 0.35434394039863515, 0.31377000789714765, 0.10209648193476159, 0.0837155394847497], [0.1857027489294253, 0.1560946936073777, 0.19536845108282083, 0.16242685886059918, 0.30040724751977704], [0.300549403822889, 0.2670854127599534, 0.04106816012920194, 0.2679376026881177, 0.12335942059983779], [0.01372854672014575, 0.09734361138269584, 0.25062329571672565, 0.27405723092056544, 0.36424731525986725], [0.16854304935544984, 0.3161551240031216, 0.18578642473589618, 0.27946753025230153, 0.0500478716532308], [0.2810757215169253, 0.10849435877107137, 0.2723458756191645, 0.2888542713547717, 0.04922977273806706], [0.09058287180272054, 0.3056739374258974, 0.27673539301170935, 0.02448348145651164, 0.3025243163031612], [0.16687671907167057, 0.2492649181958175, 0.2612555748081028, 0.23598976095640417, 0.08661302696800487], [0.09405795541023215, 0.12002632493821684, 0.32198913416156083, 0.30782996420988845, 0.15609662128010157], [0.5638513323514043, 0.1300192828908453, 0.15422507444495523, 0.015363597621654552, 0.13654071269114065]]}