{"Match": "c:\\Users\\maxen\\OneDrive\\Documents\\GitHub\\proj0021-sports-and-movement-football-comments\\Milestone2\\Timeline\\Database\\match_2_half_1.json", "Time": [0, 1, 2, 3, 4, 5, 6, 7, 8, 9, 10, 11, 12, 13, 14, 15, 16, 17, 18, 19], "Prediction": [[0.24575525876068038, 0.08149655722775119, 0.1655700003830144, 0.18893971504246912, 0.31823846858608484], [0.27390359082780213, 0.18562278853336775, 0.35347627935381054, 0.13026023592618846, 0.056737105358831016], [0.3747105025418472, 0.22323391267452758, 0.0763960862497024, 0.18530372991469735, 0.14035576861922536], [0.1841472997782818, 0.13638878362999549, 0.2563206170013316, 0.35895191374961305, 0.06419138584077792], [0.11730658338300987, 0.28146366365015446, 0.3429316517088058, 0.23425874261792268, 0.024039358640107155], [0.043618606606342016, 0.30124312768287365, 0.25667503781098905, 0.09968457450474806, 0.29877865339504733], [0.1995249126345667, 0.09172908545735074, 0.3378070189599682, 0.18667263664643818, 0.18426634630167638], [0.1517907310172669, 0.10693290594383914, 0.24739250469123067, 0.246647106816098, 0.24723675153156524], [0.3477922646021332, 0.21790774648550612, 0.22761746280006442, 0.17908145984192844, 0.027601066270367805], [0.00608652468792722, 0.20869138096824577, 0.37644131473495396, 0.11375002860580903, 0.2950307510030639], [0.24220720102790969, 0.15530351580971824, 0.21264892094440377, 0.26464233172485385, 0.12519803049311448], [0.07999933486049357, 0.3388969263338622, 0.12598297827915944, 0.25156991110016025, 0.20355084942632454], [0.06403186523267373, 0.19287276961092664, 0.3010944866923951, 0.09604734539219295, 0.3459535330718115], [0.1491947063691182, 0.3183230543346179, 0.2012096328005384, 0.11817272823569269, 0.21309987826003285], [0.2783935432496573, 0.22533085848747877, 0.02239875270434747, 0.34481775327542363, 0.1290590922830927], [0.2698707000496873, 0.23660750020017032, 0.207090747181521, 0.030011906547128476, 0.256419146021493], [0.38237860479023167, 0.29297296783237015, 0.07941357671015875, 0.10040665310446878, 0.1448281975627707], [0.20311364584678013, 0.0240345477169794, 0.08527905865354174, 0.2902849754534189, 0.3972877723292797], [0.2958694685771989, 0.2826107682899564, 0.15086055876800292, 0.028955990849633517, 0.2417032135152082], [0.2815882486133191, 0.24851255028265534, 0.31304861660550237, 0.010121211292447174, 0.14672937320607607]]}