{"Match": "c:\\Users\\maxen\\OneDrive\\Documents\\GitHub\\proj0021-sports-and-movement-football-comments\\Milestone2\\Timeline\\Database\\match_9_half_0.json", "Time": [0, 1, 2, 3, 4, 5, 6, 7, 8, 9, 10, 11, 12, 13, 14, 15, 16, 17, 18, 19], "Prediction": [[0.08569713167750767, 0.05348560884141322, 0.4066747162956255, 0.024765237329092908, 0.4293773058563607], [0.09856829231993791, 0.4374544883313361, 0.06770468039060581, 0.31996090713207914, 0.07631163182604096], [0.2543170827592654, 0.20432166111227373, 0.4448663161118325, 0.07326213343311885, 0.023232806583509517], [0.3153724518301396, 0.06371545953691736, 0.27811106095200916, 0.1476295316791487, 0.19517149600178524], [0.21913679798012972, 0.3248803813880793, 0.2330000993579621, 0.06791998603611842, 0.15506273523771053], [0.2639771418907587, 0.001515395804377831, 0.24894171728962666, 0.26547110048658124, 0.2200946445286555], [0.08831098729697827, 0.17624249640067408, 0.378090623279497, 0.20988489328221735, 0.14747099974063332], [0.2744622399235096, 0.19492426491050732, 0.11774789092575726, 0.22850268543156155, 0.1843629188086642], [0.2971275283404335, 0.40879717546827365, 0.13426149333115672, 0.09825153405638481, 0.0615622688037514], [0.35397956560067073, 0.22292180847777532, 0.076459263925935, 0.16408950812468726, 0.1825498538709317], [0.22119548554871063, 0.09422200539143093, 0.24009069072916125, 0.2153218777845221, 0.22916994054617498], [0.09733643597118778, 0.13855471451164106, 0.3224522110842258, 0.08170696289868665, 0.3599496755342587], [0.036684674889134045, 0.11171874695003749, 0.31257526906844874, 0.22202892657951406, 0.3169923825128658], [0.28138632478252273, 0.3046529673991876, 0.05400620143340817, 0.2923196290529143, 0.06763487733196702], [0.29952883131102537, 0.05241096446475818, 0.1400340391872321, 0.4241907294533705, 0.08383543558361381], [0.2555881281038855, 0.16451370687438516, 0.23062110346202308, 0.13492317314217073, 0.21435388841753555], [0.26177646486838846, 0.16349184674042927, 0.03203485763570986, 0.15569356518771485, 0.3870032655677577], [0.3301485335703103, 0.2832847649626189, 0.01298595650064134, 0.30693019354690354, 0.06665055141952574], [0.36138006270682593, 0.2652651698101538, 0.2094964147279913, 0.05888658936284985, 0.10497176339217916], [0.1752362166063087, 0.36608052945925706, 0.20297628335845178, 0.2320615784209349, 0.02364539215504774]]}