{"Match": "c:\\Users\\maxen\\OneDrive\\Documents\\GitHub\\proj0021-sports-and-movement-football-comments\\Milestone2\\Timeline\\Database\\match_8_half_1.json", "Time": [0, 1, 2, 3, 4, 5, 6, 7, 8, 9, 10, 11, 12, 13, 14, 15, 16, 17, 18, 19], "Prediction": [[0.22792680018196773, 0.2038809492427825, 0.23232327990749282, 0.24323034075690864, 0.09263862991084833], [0.13608003924426174, 0.0302923932949739, 0.2094274687310502, 0.01175959890330723, 0.6124404998264069], [0.2503855599765023, 0.0021525725918097576, 0.197052582607421, 0.076671959968977, 0.47373732485528985], [0.10522442140459835, 0.22052413965510081, 0.23302491608159231, 0.24169097665249412, 0.1995355462062144], [0.13825930406943385, 0.014372349405315775, 0.3187223619712968, 0.363078475184582, 0.16556750936937165], [0.372048638851296, 0.028475275167050215, 0.19425116133844775, 0.16911881000684545, 0.23610611463636055], [0.33383439155195777, 0.19898526350250367, 0.16219790415454327, 0.17144619049937654, 0.1335362502916187], [0.03574020999221112, 0.4105595230337096, 0.18566808298283613, 0.17678169380743303, 0.19125049018381018], [0.2072726117404994, 0.21476697130904887, 0.2498925190542424, 0.2005243373751495, 0.12754356052105972], [0.07534367771132351, 0.2707066869920156, 0.023823477692018744, 0.2897281720253058, 0.3403979855793363], [0.13487985188807375, 0.11357873287489463, 0.48278218078115576, 0.14428049160583722, 0.12447874285003856], [0.11274055404952779, 0.21635654097445267, 0.2730826417305675, 0.05006740948264215, 0.34775285376280995], [0.2257015796061302, 0.1772323317419065, 0.20266849605103804, 0.1638757890553791, 0.23052180354554616], [0.1229237976962473, 0.18591395285559145, 0.25564819511047365, 0.017760638006308522, 0.4177534163313791], [0.3027677759821267, 0.14279585331300032, 0.06399042083979575, 0.4116572662142813, 0.07878868365079604], [0.18639829014836573, 0.2886058868085056, 0.048242505650070926, 0.21919323356505718, 0.25756008382800055], [0.15713406484870082, 0.19526344398432766, 0.20886550716754806, 0.1445786198031088, 0.2941583641963145], [0.1598379332128165, 0.05511888362674706, 0.19183960087076576, 0.3347695487230894, 0.25843403356658134], [0.26259225788295276, 0.1173522040113057, 0.23365022596242965, 0.10936608225253486, 0.27703922989077695], [0.27073114200898946, 0.2595697716322047, 0.17827213626260882, 0.02440677688165595, 0.2670201732145412]]}