{"Match": "c:\\Users\\maxen\\OneDrive\\Documents\\GitHub\\proj0021-sports-and-movement-football-comments\\Milestone2\\Timeline\\Database\\match_3_half_0.json", "Time": [0, 1, 2, 3, 4, 5, 6, 7, 8, 9, 10, 11, 12, 13, 14, 15, 16, 17, 18, 19], "Prediction": [[0.19185593033453532, 0.2965093851641642, 0.20338682237477632, 0.2787954383656642, 0.029452423760860102], [0.16560466146322206, 0.05188642054444127, 0.3059910686417443, 0.1560077917011631, 0.3205100576494293], [0.1212623382096296, 0.25852229888204054, 0.11577606871807912, 0.25142326934022374, 0.253016024850027], [0.1899994573080887, 0.3167365513570216, 0.2032826291116028, 0.2011498494976411, 0.08883151272564593], [0.2280450950173998, 0.1536971664542645, 0.11462600647285974, 0.30086337906520727, 0.2027683529902687], [0.0513215090306299, 0.16138788907700993, 0.33195375450801584, 0.3358296875245582, 0.1195071598597862], [0.23881292539951562, 0.042698909197018395, 0.22163000020995116, 0.0378948780641903, 0.4589632871293245], [0.2596251181260993, 0.2783349540116331, 0.010606671958369515, 0.19429969205044303, 0.257133563853455], [0.1960694463515269, 0.3198357273345894, 0.1205707010164176, 0.24000053773149535, 0.12352358756597075], [0.12239228932704177, 0.096722218034877, 0.30529279210829435, 0.3175775493496765, 0.15801515118011025], [0.20190016187274498, 0.26807281376371245, 0.19704253075284328, 0.049312059975952664, 0.28367243363474665], [0.24073009496873368, 0.04543260490067485, 0.2397532068630156, 0.22364137181704885, 0.25044272145052704], [0.17099156874786303, 0.055988051205954834, 0.31584185543799864, 0.3025995686648914, 0.15457895594329227], [0.2570805690128414, 0.17022712195394132, 0.4541517327327263, 0.009298493250940976, 0.10924208304955016], [0.34244665230128285, 0.2687560254892222, 0.3155007481262532, 0.044169591560129805, 0.02912698252311191], [0.13220182059018004, 0.18537595967704062, 0.22376872646288076, 0.2569055766895724, 0.20174791658032604], [0.07537159128656248, 0.1969564592149055, 0.29368609836554177, 0.16987175294119886, 0.26411409819179127], [0.21873670008764237, 0.3187182605805134, 0.33555535286919697, 0.04441983340138171, 0.08256985306126557], [0.22879026838873254, 0.23027880117257518, 0.2630936014537924, 0.045511306184067596, 0.23232602280083228], [0.15968581048344213, 0.11631556892216162, 0.20638911255881756, 0.2451336994090067, 0.27247580862657195]]}