{
    "Match": "c:\\Users\\maxen\\OneDrive\\Documents\\GitHub\\proj0021-sports-and-movement-football-comments\\Milestone2\\Timeline\\Database\\match_0_half_0.json",
    "Time": [
        0,
        1,
        2,
        3,
        4,
        5,
        6,
        7,
        8,
        9,
        10,
        11,
        12,
        13,
        14,
        15,
        16,
        17,
        18,
        19
    ],
    "Prediction": [
        [
            0.3409882019558388,
            0.13171785837369615,
            0.0875844943115272,
            0.06074629358518295,
            0.3789631517737548
        ],
        [
            0.23719382047766951,
            0.08945099511744903,
            0.2208478141833413,
            0.11215097534063206,
            0.3403563948809081
        ],
        [
            0.238057540670225,
            0.11912040805920017,
            0.26801087567556364,
            0.041145818928922745,
            0.3336653566660885
        ],
        [
            0.1137181053687943,
            0.3323661508060629,
            0.22704535554363567,
            0.10168047583552581,
            0.22518991244598122
        ],
        [
            0.15621215179446196,
            0.006589206768909587,
            0.3171685015200054,
            0.13388485587145596,
            0.38614528404516696
        ],
        [
            0.3588623403945037,
            0.20366608515265205,
            0.3874945442376543,
            0.026430845273756668,
            0.023546184941433426
        ],
        [
            0.2,
            0.7,
            0.1,
            0,
            0
        ],
        [
            0.2,
            0.7,
            0.1,
            0,
            0
        ],
        [
            0.1,
            0.9,
            0,
            0,
            0
        ],
        [
            0.9,
            0.1,
            0,
            0,
            0
        ],
        [
            0.4,
            0.5,
            0.1,
            0,
            0
        ],
        [
            0.1251161425765853,
            0.23593053143568493,
            0.19458999109750852,
            0.06986604433419658,
            0.3744972905560247
        ],
        [
            0.07447158854276452,
            0.46850059327946925,
            0.34481499505392665,
            0.06538548309775731,
            0.04682734002608226
        ],
        [
            0.1540299737313296,
            0.1518472245905516,
            0.2741737934935874,
            0.041534930564528075,
            0.3784140776200033
        ],
        [
            0.19509854335190585,
            0.2970978413273828,
            0.15675301773236827,
            0.34433888157070336,
            0.006711716017639791
        ],
        [
            0.23159098106385828,
            0.12316445524268753,
            0.06051812063808999,
            0.28084873434135016,
            0.3038777087140141
        ],
        [
            0.29103625542616074,
            0.15184078084322433,
            0.2974011270128568,
            0.24454853773748886,
            0.015173298980269262
        ],
        [
            0.3116357933386903,
            0.2884066123651586,
            0.09739396204340268,
            0.20423716549578838,
            0.09832646675696013
        ],
        [
            0.3297724779357133,
            0.13529513393079376,
            0.05252474337162312,
            0.23591184586221478,
            0.24649579889965506
        ],
        [
            0.20458049235402967,
            0.21825737391824374,
            0.2321993116889324,
            0.12561953430682612,
            0.2193432877319681
        ]
    ]
}