{"Match": "c:\\Users\\maxen\\OneDrive\\Documents\\GitHub\\proj0021-sports-and-movement-football-comments\\Milestone2\\Timeline\\Database\\match_7_half_0.json", "Time": [0, 1, 2, 3, 4, 5, 6, 7, 8, 9, 10, 11, 12, 13, 14, 15, 16, 17, 18, 19], "Prediction": [[0.24343033017817345, 0.25644724270451047, 0.14042974984546866, 0.3016793284561545, 0.05801334881569282], [0.08711645442032832, 0.15471245946666154, 0.18799809646393625, 0.2684510085777777, 0.3017219810712962], [0.2686009851588864, 0.12045255167471312, 0.10107131602355122, 0.2872133154427479, 0.22266183170010143], [0.23414953104060726, 0.11417719591440004, 0.16542445616406928, 0.1816993674600248, 0.3045494494208988], [0.16173520843540173, 0.14826793232387767, 0.29977707220043004, 0.0385367608038592, 0.35168302623643133], [0.22298449634609283, 0.25094583575493595, 0.3088497397312631, 0.11695912839340289, 0.1002607997743052], [0.2601181834956664, 0.09472143602604566, 0.021789815188645333, 0.18538276581874644, 0.4379877994708961], [0.26986494336436595, 0.19031957401817137, 0.05636679846587966, 0.16934156112331233, 0.3141071230282707], [0.38634574630514423, 0.25162129966054664, 0.17784682933581744, 0.16752361509998476, 0.016662509598506844], [0.08510945118863962, 0.22716700405960266, 0.07713885601520776, 0.34834925229693814, 0.2622354364396117], [0.22563641309437288, 0.17444184752799965, 0.22799212058716162, 0.19211879987546668, 0.1798108189149991], [0.517151777815543, 0.2927175076388236, 0.07520292126600843, 0.08148374864618706, 0.033444044633437815], [0.08361351860592568, 0.1592721872945575, 0.0696335005610272, 0.3633859100039217, 0.324094883534568], [0.06746511400027524, 0.28156225831404985, 0.32934499544738177, 0.03546451241579035, 0.2861631198225026], [0.4435580467816134, 0.1182295355197231, 0.07725623930330902, 0.21597705300310985, 0.1449791253922446], [0.2328696190553443, 0.17850570489341852, 0.22769679496047585, 0.1621662177808073, 0.19876166330995404], [0.36292742796423194, 0.06209511359452739, 0.12363127124431629, 0.4444416133565521, 0.006904573840372229], [0.09500624785746284, 0.30363282446818085, 0.20055314312687544, 0.09732307999132803, 0.30348470455615295], [0.22056899028072036, 0.27977902253205184, 0.1904270450349315, 0.19472706648008756, 0.11449787567220869], [0.32706773024855684, 0.2760227632409166, 0.06273635991249092, 0.2952452467335315, 0.038927899864504074]]}