{"Match": "c:\\Users\\maxen\\OneDrive\\Documents\\GitHub\\proj0021-sports-and-movement-football-comments\\Milestone2\\Timeline\\Database\\match_2_half_0.json", "Time": [0, 1, 2, 3, 4, 5, 6, 7, 8, 9, 10, 11, 12, 13, 14, 15, 16, 17, 18, 19], "Prediction": [[0.19050697985977244, 0.008368882899111078, 0.36566613035427065, 0.43338241325798565, 0.0020755936288603073], [0.10508212994143128, 0.16442850312111065, 0.3576819602473637, 0.014576511277930268, 0.358230895412164], [0.1711424991893322, 0.1811289725164846, 0.27279983747649145, 0.12861400309436408, 0.24631468772332768], [0.017736802378471018, 0.18633909454018857, 0.31392371378345396, 0.3683907485072331, 0.11360964079065342], [0.28809865954052555, 0.29010736620809896, 0.12213905541979342, 0.10278944160448523, 0.1968654772270968], [0.13306005272739535, 0.05969938684246905, 0.4312644408076339, 0.10336371023119302, 0.2726124093913087], [0.12759227038601784, 0.2664101075304897, 0.2446095331591357, 0.0969232431276671, 0.2644648457966896], [0.16657362385852087, 0.06353625147461683, 0.21511397782700092, 0.3286889654332932, 0.22608718140656825], [0.2892400085578234, 0.3328336536237329, 0.0017741365075260188, 0.16041010621253748, 0.21574209509838008], [0.22541995704495307, 0.31801342183530956, 0.25123002993508464, 0.0002781843430297151, 0.20505840684162302], [0.2339090446565294, 0.42273992517775955, 0.014306986958781182, 0.05598027434310814, 0.2730637688638217], [0.18037551209581668, 0.009522345620232424, 0.4573890922587628, 0.10576364609039357, 0.24694940393479461], [0.2759475354824057, 0.09779776057517582, 0.1917895467483844, 0.36553459990022635, 0.06893055729380781], [0.30064501157572665, 0.014827211162201336, 0.03274967049929018, 0.3366580041648008, 0.31512010259798107], [0.22644267109374272, 0.18904516030688606, 0.22852206702521483, 0.26701145051262926, 0.08897865106152726], [0.0798805619267418, 0.046461978214210546, 0.21077318969639436, 0.3010333600099285, 0.36185091015272475], [0.08472166939254107, 0.17663615838693242, 0.1787028220462727, 0.2511635900382612, 0.30877576013599256], [0.05130183817362654, 0.10896684374181201, 0.2575941161095647, 0.23806379800196795, 0.3440734039730288], [0.25895520022193325, 0.3202713981391301, 0.12925880833946146, 0.04637138980294267, 0.24514320349653254], [0.008679992062524787, 0.47080917441415376, 0.22145412268708975, 0.1219541194346216, 0.1771025914016102]]}