{"Match": "c:\\Users\\maxen\\OneDrive\\Documents\\GitHub\\proj0021-sports-and-movement-football-comments\\Milestone2\\Timeline\\Database\\match_8_half_0.json", "Time": [0, 1, 2, 3, 4, 5, 6, 7, 8, 9, 10, 11, 12, 13, 14, 15, 16, 17, 18, 19], "Prediction": [[0.07781554016232616, 0.22853796098415818, 0.3000191973897226, 0.3464008760480937, 0.04722642541569935], [0.048365900322945646, 0.4059265703629175, 0.18786326766178246, 0.25368106301233057, 0.10416319864002367], [0.19776317104190508, 0.066007171895516, 0.2891541169282396, 0.2767780709255834, 0.170297469208756], [0.390144127408122, 0.013214661276694229, 0.29313273302375975, 0.07605545940020354, 0.22745301889122052], [0.2344724920340716, 0.29892462060111824, 0.091237189484031, 0.1655420566121671, 0.2098236412686121], [0.323479176319487, 0.0673414045013535, 0.3755639266322883, 0.19641267823210126, 0.03720281431477001], [0.264203945873184, 0.13438845846257877, 0.04482313507698515, 0.2572152099156704, 0.2993692506715818], [0.2640955059767253, 0.138918415137293, 0.10709268318697215, 0.18398052531855744, 0.30591287038045206], [0.31239774262316794, 0.16429992125296902, 0.11669210460504255, 0.2560693401159778, 0.1505408914028428], [0.34690294524406823, 0.09363693067400744, 0.3314348309093379, 0.05548514948476496, 0.17254014368782147], [0.20249792433112873, 0.23082578998673894, 0.22672750330406782, 0.19755743464061956, 0.14239134773744502], [0.18310292678292106, 0.18838949902310648, 0.28881758043778255, 0.10685504054140045, 0.23283495321478948], [0.20755380133099416, 0.14221401887663912, 0.2561560919385771, 0.2400165500030128, 0.15405953785077692], [0.3230864452923253, 0.016516408653196053, 0.12284413539392967, 0.19610657233835624, 0.34144643832219285], [0.22724697965650953, 0.06947648078070319, 0.23715007927034382, 0.3041677235026581, 0.1619587367897853], [0.33282724681752873, 0.11582511058924122, 0.0896252077940854, 0.05953598365773139, 0.4021864511414132], [0.43113242816566494, 0.2428541451831368, 0.11471907438781104, 0.04851178380138281, 0.16278256846200448], [0.04303272516616327, 0.050410422867095496, 0.4841675656993577, 0.13745025277201, 0.2849390334953734], [0.05499126340057599, 0.23410890251707722, 0.2803817973753378, 0.04760693295672196, 0.3829111037502869], [0.25011055538283844, 0.17354481547640221, 0.24988072549083837, 0.31487973568016175, 0.011584167969759205]]}