{"Match": "c:\\Users\\maxen\\OneDrive\\Documents\\GitHub\\proj0021-sports-and-movement-football-comments\\Milestone2\\Timeline\\Database\\match_3_half_1.json", "Time": [0, 1, 2, 3, 4, 5, 6, 7, 8, 9, 10, 11, 12, 13, 14, 15, 16, 17, 18, 19], "Prediction": [[0.1977592197259598, 0.10797744141462622, 0.2366194352257822, 0.45549827674572535, 0.0021456268879065017], [0.2689765436757095, 0.17736177772708678, 0.16890368851570375, 0.09779584063891766, 0.2869621494425823], [0.41544006048069126, 0.38163419276286653, 0.16480091864357008, 0.0016883642413459523, 0.03643646387152626], [0.09042933807405698, 0.387541092950701, 0.09369490907210398, 0.048173842902883214, 0.3801608170002549], [0.2857775822523034, 0.07957799863249518, 0.2408455370274746, 0.19583691864204933, 0.1979619634456775], [0.14797826424803467, 0.19278592017840224, 0.2302989588730855, 0.2416747851500073, 0.18726207155047037], [0.1953570785216896, 0.19932994844059085, 0.21044918440273297, 0.14860335932777985, 0.24626042930720676], [0.2513639951530051, 0.3978044335848026, 0.2515908546809111, 0.08059575114528461, 0.018644965435996603], [0.14855000094437387, 0.030121655873309224, 0.468021902825289, 0.0756246737088235, 0.27768176664820454], [0.12899302458238462, 0.23614303008178156, 0.3107199280717719, 0.017748714954355774, 0.3063953023097061], [0.2353810431288558, 0.14506638593380114, 0.12514344119753493, 0.2685793141962974, 0.22582981554351086], [0.09915704158230768, 0.030923462264211384, 0.5584358397002682, 0.01406734683455506, 0.29741630961865756], [0.31899636030608813, 0.30402418843956386, 0.023509062919785932, 0.06522469920688585, 0.2882456891276762], [0.3032734345699934, 0.32331451784892845, 0.1916132666252708, 0.12553798265755794, 0.056260798298249357], [0.10948386441017426, 0.12019793396065255, 0.4192404345544261, 0.04381525642917495, 0.30726251064557214], [0.22222852688607903, 0.17911554094979812, 0.13540355143047764, 0.1797521713307269, 0.2835002094029182], [0.21754227937604667, 0.0880758517716896, 0.09886147792356977, 0.2624952531394777, 0.33302513778921616], [0.3281055992532602, 0.3252401122916671, 0.0381068451004331, 0.2533871805441619, 0.055160262810477714], [0.010065018456279934, 0.3590322465858364, 0.0573798232303637, 0.41949354552136153, 0.15402936620615856], [0.08490921176992115, 0.3236667812809092, 0.048301785730277776, 0.4153060470628358, 0.12781617415605606]]}