{"Match": "c:\\Users\\maxen\\OneDrive\\Documents\\GitHub\\proj0021-sports-and-movement-football-comments\\Milestone2\\Timeline\\Database\\match_4_half_0.json", "Time": [0, 1, 2, 3, 4, 5, 6, 7, 8, 9, 10, 11, 12, 13, 14, 15, 16, 17, 18, 19], "Prediction": [[0.35969289435742663, 0.1873129183139559, 0.23338780896269568, 0.04942233596709829, 0.17018404239882343], [0.20047960171268928, 0.13230567036357227, 0.05804870135770281, 0.34295178578792845, 0.266214240778107], [0.20570754575409256, 0.04164505235101724, 0.4505811354742009, 0.04094872671651372, 0.26111753970417545], [0.22314566114850692, 0.2524603743005461, 0.17901734292595584, 0.1280712912231318, 0.21730533040185931], [0.027019070927616812, 0.031382032440671954, 0.387481277604316, 0.27996342564054816, 0.2741541933868472], [0.004109931842206622, 0.620600797598067, 0.13375133367298211, 0.011663866352259702, 0.22987407053448455], [0.17085461314555345, 0.30763617922301123, 0.13596366655712727, 0.1908075464520524, 0.19473799462225552], [0.31051132158406286, 0.14419406077635566, 0.2920743433282795, 0.07778393047954875, 0.1754363438317532], [0.21187490286705188, 0.28907283687378893, 0.12120476186841445, 0.24197980171391098, 0.13586769667683388], [0.23191944486449964, 0.17903638568235605, 0.12357891569078114, 0.3365023487386306, 0.12896290502373262], [0.2434572369868043, 0.12197224099794679, 0.314826935243388, 0.008958384130836147, 0.3107852026410246], [0.2634490578279611, 0.11066475863933643, 0.348966149428155, 0.14945858247584445, 0.1274614516287031], [0.22390867048908755, 0.2889166498423899, 0.2504388967272551, 0.13719326865730358, 0.09954251428396385], [0.2851350878477153, 0.2913013142801264, 0.23909109866139713, 0.06828687825600445, 0.11618562095475682], [0.17926087957620923, 0.22181391942132977, 0.23248285555287188, 0.17954762445101885, 0.18689472099857032], [0.20918685184884236, 0.22309388654754772, 0.35684950868083226, 0.20484145006065269, 0.006028302862125004], [0.08327374517285559, 0.25648373491586396, 0.1947415060181409, 0.2625785214187655, 0.2029224924743742], [0.3403606414411196, 0.040951291903546336, 0.17558088549024153, 0.113326129298411, 0.3297810518666816], [0.19589767228030638, 0.30339692212509517, 0.24675253535211436, 0.13430193133804602, 0.11965093890443804], [0.054801711608215724, 0.10833370714097784, 0.3103650716750546, 0.16988521905689308, 0.3566142905188587]]}