{"Match": "c:\\Users\\maxen\\OneDrive\\Documents\\GitHub\\proj0021-sports-and-movement-football-comments\\Milestone2\\Timeline\\Database\\match_0_half_1.json", "Time": [0, 1, 2, 3, 4, 5, 6, 7, 8, 9, 10, 11, 12, 13, 14, 15, 16, 17, 18, 19], "Prediction": [[0.29662821806492456, 0.2542453637710515, 0.015168428966158654, 0.30612381531339145, 0.1278341738844738], [0.15822963519730843, 0.21920413793331056, 0.04937697886726953, 0.23312113740426474, 0.34006811059784664], [0.28355872790459447, 0.17949187191569813, 0.05525686947062219, 0.1466374775337301, 0.33505505317535506], [0.18431592139878597, 0.3668250646674586, 0.1254726126364303, 0.11627833933010526, 0.20710806196721984], [0.2649060118893554, 0.3423953132332622, 0.1910881992387594, 0.10540263955412169, 0.0962078360845013], [0.26186776066645434, 0.2629921689912183, 0.006947653635760222, 0.26976854496907016, 0.19842387173749687], [0.11270436199398, 0.2049052908918915, 0.1859342681501431, 0.1541216809542561, 0.3423343980097293], [0.16853328787557806, 0.12159332423181664, 0.18617018850128586, 0.2449431764018255, 0.27876002298949404], [0.3227932194639992, 0.03957627184716513, 0.25594402825781726, 0.2981853294439251, 0.08350115098709321], [0.061135536413236415, 0.3767418479305991, 0.09977921260524177, 0.3461157498397566, 0.11622765321116595], [0.26005485611917994, 0.20302282582539727, 0.18379198907974245, 0.0986205270497734, 0.2545098019259069], [0.3149714531931562, 0.06734452129325985, 0.27079736297098517, 0.18627217208338306, 0.16061449045921591], [0.3264597572815885, 0.31658245395932505, 0.0555604898834525, 0.1285702052529851, 0.17282709362264895], [0.3813849847405758, 0.3191769242255864, 0.2380300594364833, 0.016246543986610004, 0.04516148761074457], [0.2596852930802512, 0.23629042416930035, 0.10290966286506287, 0.24894740841561658, 0.15216721146976894], [0.030447541146761955, 0.24471528392690023, 0.39219826122247975, 0.318449755089457, 0.01418915861440109], [0.21973381539050843, 0.19863226635671125, 0.17220250763334632, 0.24981049535349256, 0.15962091526594144], [0.04342034999839877, 0.32119008793427706, 0.19150117307324083, 0.3162436538287477, 0.12764473516533573], [0.09874372103992675, 0.14795144484102696, 0.1676091172844759, 0.43265323576637527, 0.1530424810681952], [0.34713580881413175, 0.18198099090355738, 0.23831618748594235, 0.06696474723866211, 0.16560226555770655]]}