{"Match": "c:\\Users\\maxen\\OneDrive\\Documents\\GitHub\\proj0021-sports-and-movement-football-comments\\Milestone2\\Timeline\\Database\\match_4_half_1.json", "Time": [0, 1, 2, 3, 4, 5, 6, 7, 8, 9, 10, 11, 12, 13, 14, 15, 16, 17, 18, 19], "Prediction": [[0.4301421576441041, 0.0868798626436471, 0.19953393962798496, 0.23283567193072896, 0.05060836815353495], [0.023234237497945627, 0.04698149273608326, 0.24073108881385394, 0.42847386651556296, 0.26057931443655413], [0.1754981367243877, 0.2056328720190994, 0.26192273114537856, 0.23338386213941237, 0.12356239797172205], [0.24588456617236387, 0.0960123035097856, 0.10192077099352359, 0.27916509468337525, 0.27701726464095167], [0.14823340360534784, 0.10711960867986614, 0.14925196128710555, 0.2924693986127232, 0.3029256278149573], [0.30375780498171084, 0.1663588605814774, 0.29971445335550895, 0.09069877629684328, 0.1394701047844595], [0.10841937187789308, 0.2418339078556096, 0.2076742220453479, 0.3087200089060088, 0.13335248931514065], [0.2856404264398719, 0.01912694732361018, 0.21964405009355387, 0.2446330966590519, 0.2309554794839121], [0.14362653496178893, 0.09101508240097535, 0.00899419047242645, 0.06614185664584533, 0.6902223355189638], [0.16786089494926204, 0.1632387479018244, 0.35673125671858347, 0.2793756244246852, 0.03279347600564485], [0.006674510350144875, 0.038402776611077154, 0.25175936872193205, 0.3670584906639738, 0.3361048536528721], [0.12054841638195377, 0.40900121280778134, 0.1200461963427644, 0.1384463401046677, 0.21195783436283303], [0.2729414152340494, 0.15247897908870944, 0.008268013978426138, 0.2824362639835484, 0.28387532771526675], [0.30582192572075484, 0.008105266868647293, 0.3211272176977647, 0.20966370980617124, 0.15528187990666192], [0.2152836247252814, 0.12327879061232108, 0.12580339260606685, 0.29027747946827165, 0.245356712588059], [0.28546901608284203, 0.058690144348739294, 0.35563282933300944, 0.1273327212035924, 0.17287528903181681], [0.1615915090574527, 0.2217286656627494, 0.21066915009880718, 0.22751829879251045, 0.17849237638848028], [0.301585415216195, 0.025079038021402506, 0.19104551624589655, 0.23573564377254286, 0.24655438674396304], [0.2449509221099463, 0.034504149808980936, 0.24100975838251454, 0.24960869310832082, 0.2299264765902374], [0.010904310176663249, 0.3135026273462917, 0.15095560435744648, 0.325116900268252, 0.1995205578513466]]}