{"Match": "/scratch/users/mdelabrassinne/Database/italy_serie-a/2016-2017/2016-10-02_-_21-45_AS_Roma_2_-_1_Inter/2_224p.mkv", "Time": [0, 40.0, 80.0, 120.0, 160.0, 200.0, 240.0, 280.0, 320.0, 360.0, 400.0, 440.0, 480.0, 520.0, 560.0, 600.0, 640.0, 680.0, 720.0, 760.0, 800.0, 840.0, 880.0, 920.0], "Prediction": [[1.0, 0.0, 0.0, 0.0, 0.0, 1.0067682024781397e-28], [4.582488872725805e-30, 0.0, 0.0, 1.9214586519100685e-11, 0.987899899482727, 0.012100019492208958], [1.0, 5.052253480653586e-16, 0.0, 0.0, 0.0, 1.0689687726302736e-26], [1.0, 0.0, 0.0, 0.0, 0.0, 0.0], [1.530267371506587e-21, 4.994479960577227e-38, 0.0, 2.3376942742681095e-11, 7.422280220972442e-37, 1.0], [0.0, 0.0, 0.0, 1.0, 0.0, 0.0], [0.0, 0.0, 0.0, 1.0, 0.0, 8.528983857162404e-16], [4.308941911135902e-23, 2.328854510360576e-33, 0.0, 0.00044317281572148204, 1.2042658282378055e-23, 0.999556839466095], [3.1765015874839873e-21, 5.150998821655798e-28, 0.0, 0.9647356271743774, 1.5713469670170096e-16, 0.035264305770397186], [0.0, 0.0, 0.0, 1.0, 0.0, 0.0], [0.0, 0.0, 0.0, 0.0, 0.0, 1.0], [0.0, 0.0, 0.0, 0.0, 0.0, 1.0], [0.0, 0.0, 0.0, 0.0, 0.0, 1.0], [0.0, 0.0, 0.0, 6.443683873015517e-33, 0.0, 1.0], [1.0503141337528554e-19, 0.0, 0.0, 0.0, 0.0, 1.0], [1.0, 0.0, 0.0, 0.0, 0.0, 0.0], [6.432030958743526e-34, 4.847237123139832e-39, 0.0, 0.9999032020568848, 3.729014160221223e-18, 9.679145296104252e-05], [7.652350783831394e-41, 1.2080525321357909e-32, 0.0, 3.405228335964837e-21, 6.80165437860758e-11, 1.0], [2.925300393761783e-23, 4.982412155891274e-22, 0.0, 0.9911537766456604, 1.0134162842234673e-08, 0.008846251294016838], [1.4763426747776975e-07, 5.86562829557602e-12, 5.892820176191187e-39, 2.223664068878861e-06, 5.025993232266046e-06, 0.9999926090240479], [1.0, 0.0, 0.0, 0.0, 0.0, 4.0676005298904916e-30], [0.0, 0.0, 0.0, 0.0, 0.0, 1.0], [1.0, 0.0, 0.0, 0.0, 0.0, 0.0], [1.0, 0.0, 0.0, 0.0, 0.0, 0.0]]}